OBJECTID,CLASS,BUILDING_U,NO_OF_STOR,NO_OF_LIFT,NO_OF_BASE,BLD_ENERGY,EQUITABLE_,AREA_SQM,ASSET_POSI,FUNCTIONAL,GIS_DESCRI,CREATED_DA,LAST_EDITE,SHAPE_Leng,SHAPE_Area
1,PUBLIC TOILET,PUBLIC AMENITIES BUILDING,1,0,0,ELECTRICITY (GRID),N,86.04,GPS,K-ANNETT,BUILDING PUBLIC AMENITIES BUILDING,23/05/2014,13/10/2014,66.93150534,159.8947803
14,PUBLIC TOILET,PUBLIC AMENITIES BUILDING,1,0,0,ELECTRICITY (GRID),Y,18,GPS,K-REGCHE,BUILDING PUBLIC AMENITIES BUILDING,23/05/2014,25/05/2014,32.52194851,62.88117962
25,PUBLIC TOILET,PUBLIC AMENITIES BUILDING,2,0,0,ELECTRICITY (GRID),Y,15,GPS,K-SYDDUN,BUILDING PUBLIC AMENITIES BUILDING,23/05/2014,25/05/2014,23.24296275,33.64867742
47,PUBLIC TOILET,PUBLIC AMENITIES BUILDING,1,0,0,ELECTRICITY (GRID),Y,265,GPS,K-COOKEM,BUILDING PUBLIC AMENITIES BUILDING,23/05/2014,13/10/2014,78.96529404,324.846446
59,PUBLIC TOILET,PUBLIC AMENITIES BUILDING,1,0,0,ELECTRICITY (GRID),N,6.25,GPS,K-VINEYP,BUILDING PUBLIC AMENITIES BUILDING,23/05/2014,13/10/2014,11.96200469,8.942677297
65,PUBLIC TOILET,PUBLIC AMENITIES BUILDING,1,0,0,ELECTRICITY (GRID),N,22.27,,K-QUEENS,BUILDING PUBLIC AMENITIES BUILDING,23/05/2014,13/10/2014,18.99458989,22.27535869
74,PUBLIC TOILET,PUBLIC AMENITIES BUILDING,1,0,0,ELECTRICITY (GRID),N,18,,K-OWENPA,BUILDING PUBLIC AMENITIES BUILDING,23/05/2014,13/10/2014,16.46051885,16.86214606
78,PUBLIC TOILET,PUBLIC AMENITIES BUILDING,1,0,0,ELECTRICITY (GRID),N,38,GPS,K-STANMO,BUILDING PUBLIC AMENITIES BUILDING,23/05/2014,13/10/2014,38.13109063,55.8586563
88,PUBLIC TOILET,PUBLIC AMENITIES BUILDING,1,0,0,TBA,N,118,GPS,K-RUNA02,BUILDING PUBLIC AMENITIES BUILDING,23/05/2014,13/10/2014,46.979041,124.7343485
118,PUBLIC TOILET,PUBLIC AMENITIES BUILDING,1,0,0,ELECTRICITY (GRID),Y,48,GPS,K-PARK01,BUILDING PUBLIC AMENITIES BUILDING,23/05/2014,25/05/2014,34.72533871,59.44086135
123,PUBLIC TOILET,PUBLIC AMENITIES BUILDING,1,0,0,ELECTRICITY (GRID),N,19,GPS,K-PARA01,BUILDING PUBLIC AMENITIES BUILDING,23/05/2014,8/10/2014,23.47278521,39.92909564
126,PUBLIC TOILET,PUBLIC AMENITIES BUILDING,1,0,0,ELECTRICITY (GRID),N,33,GPS,K-GEMVAL,BUILDING PUBLIC AMENITIES BUILDING,23/05/2014,13/10/2014,32.34364861,57.03352724
128,PUBLIC TOILET,PUBLIC AMENITIES BUILDING,1,0,0,ELECTRICITY (GRID),N,20.16,GPS,F-TPMAIN,AMENITIES BLOCK,23/05/2014,5/02/2015,24.57214729,32.16048998
129,PUBLIC TOILET,PUBLIC AMENITIES BUILDING,1,0,0,ELECTRICITY (GRID),N,18,GPS,F-TPBROA,AMENITIES BLOCK,23/05/2014,5/02/2015,18.83045638,18.48994335
141,PUBLIC TOILET,PUBLIC AMENITIES BUILDING,1,0,0,ELECTRICITY (GRID),Y,12,GPS,K-COLM02,BUILDING PUBLIC AMENITIES BUILDING,23/05/2014,25/05/2014,17.69000058,19.55699392
148,PUBLIC TOILET,PUBLIC AMENITIES BUILDING,1,0,0,ELECTRICITY (GRID),N,10,GPS,K-OXEN02,BUILDING PUBLIC AMENITIES BUILDING,23/05/2014,25/05/2014,16.93664552,17.73674641
149,PUBLIC TOILET,PUBLIC AMENITIES BUILDING,1,0,0,ELECTRICITY (GRID),Y,30,GPS,K-TEPE01,BUILDING PUBLIC AMENITIES BUILDING,23/05/2014,25/05/2014,29.90607889,46.764143
158,PUBLIC TOILET,PUBLIC AMENITIES BUILDING,1,0,0,ELECTRICITY (GRID),N,28.89,GPS,F-TPTALL,BUILDING,23/05/2014,5/02/2015,23.05356765,28.88524843
159,PUBLIC TOILET,PUBLIC AMENITIES BUILDING,1,0,0,ELECTRICITY (GRID),Y,259.51,GPS,F-TPKIRR,AMENITIES BLOCK,23/05/2014,5/02/2015,93.76032027,314.9465737
171,PUBLIC TOILET,PUBLIC AMENITIES BUILDING,1,0,0,ELECTRICITY (GRID),N,40,GPS,K-WALLYF,BUILDING PUBLIC AMENITIES BUILDING,23/05/2014,13/10/2014,27.12907665,45.11877594
182,PUBLIC TOILET,PUBLIC AMENITIES BUILDING,1,0,0,ELECTRICITY (GRID),N,23.08,GPS,F-TPBROA,BUILDING,23/05/2014,5/02/2015,21.13880623,23.08341067
184,PUBLIC TOILET,PUBLIC AMENITIES BUILDING,1,0,0,ELECTRICITY (GRID),N,18,GPS,K-BETTYD,BUILDING PUBLIC AMENITIES BUILDING,23/05/2014,25/05/2014,19.02101274,21.50019786
185,PUBLIC TOILET,PUBLIC AMENITIES BUILDING,1,0,0,ELECTRICITY (GRID),N,9,GPS,K-BETTYD,BUILDING PUBLIC AMENITIES BUILDING,23/05/2014,25/05/2014,14.20120504,12.58374015
189,PUBLIC TOILET,Public Amenities Building,1,0,0,Electricity (Grid),N,49.64,AIR,F-CFPIMP,BUILDING PUBLIC AMENITIES BUILDING,27/05/2015,3/06/2015,30.92801278,49.64701263
196,PUBLIC TOILET,PUBLIC AMENITIES BUILDING,1,0,0,ELECTRICITY (GRID),Y,35,GPS,K-MUSG01,BUILDING PUBLIC AMENITIES BUILDING,23/05/2014,25/05/2014,27.14040729,45.15120288
203,PUBLIC TOILET,PUBLIC AMENITIES BUILDING,1,0,0,ELECTRICITY (GRID),N,38,GPS,K-NEDTWO,BUILDING PUBLIC AMENITIES BUILDING,23/05/2014,25/05/2014,28.92837733,52.06847321
205,PUBLIC TOILET,PUBLIC AMENITIES BUILDING,1,0,0,ELECTRICITY (GRID),N,160,GPS,K-CASCAD,BUILDING PUBLIC AMENITIES BUILDING,23/05/2014,25/05/2014,61.26256491,155.1233692
210,PUBLIC TOILET,PUBLIC AMENITIES BUILDING,1,0,0,ELECTRICITY (GRID),Y,26,GPS,K-PRATTE,BUILDING PUBLIC AMENITIES BUILDING,23/05/2014,25/05/2014,29.24622051,46.91223711
211,PUBLIC TOILET,PUBLIC AMENITIES BUILDING,1,0,0,ELECTRICITY (GRID),Y,35,GPS,K-PRATTE,BUILDING PUBLIC AMENITIES BUILDING,23/05/2014,25/05/2014,29.55372765,47.62438966
215,PUBLIC TOILET,PUBLIC AMENITIES BUILDING,1,0,0,ELECTRICITY (GRID),Y,11,GPS,K-MUDG02,BUILDING PUBLIC AMENITIES BUILDING,23/05/2014,13/10/2014,15.96731061,15.89257845
216,PUBLIC TOILET,PUBLIC AMENITIES BUILDING,1,0,0,ELECTRICITY (GRID),Y,43,AIR,K-COOM02,BUILDING PUBLIC AMENITIES BUILDING,23/05/2014,13/10/2014,29.956915,55.13175476
221,PUBLIC TOILET,PUBLIC AMENITIES BUILDING,1,0,0,ELECTRICITY (GRID),Y,14.4,GPS,K-CURR09,BUILDING PUBLIC AMENITIES BUILDING,23/05/2014,11/08/2014,34.47029143,57.53863474
224,PUBLIC TOILET,PUBLIC AMENITIES BUILDING,1,0,0,TBA,N,59.98,GPS,K-SURF02,BUILDING PUBLIC AMENITIES BUILDING,23/05/2014,25/08/2014,33.91881028,59.84693613
225,PUBLIC TOILET,PUBLIC AMENITIES BUILDING,1,0,0,TBA,N,52.08,GPS,K-SURF02,BUILDING PUBLIC AMENITIES BUILDING,23/05/2014,25/08/2014,33.9275675,51.96256849
228,PUBLIC TOILET,PUBLIC AMENITIES BUILDING,1,0,0,TBA,N,28.11,GPS,K-SURF02,BUILDING PUBLIC AMENITIES BUILDING,23/05/2014,25/08/2014,21.25936578,28.04916125
231,PUBLIC TOILET,PUBLIC AMENITIES BUILDING,1,0,0,ELECTRICITY (GRID),N,45,GPS,K-CANOWI,BUILDING PUBLIC AMENITIES BUILDING,23/05/2014,25/05/2014,34.53310183,81.87258222
234,PUBLIC TOILET,PUBLIC AMENITIES BUILDING,1,0,0,ELECTRICITY (GRID),N,42,GPS,K-ZIPFSP,BUILDING PUBLIC AMENITIES BUILDING,23/05/2014,25/05/2014,31.62904243,62.54806642
245,PUBLIC TOILET,PUBLIC AMENITIES BUILDING,1,0,0,ELECTRICITY (GRID),Y,10,GPS,K-PEAC01,BUILDING PUBLIC AMENITIES BUILDING,23/05/2014,25/05/2014,19.27458272,23.21926869
246,PUBLIC TOILET,PUBLIC AMENITIES BUILDING,1,0,0,ELECTRICITY (GRID),Y,21,GPS,K-JABIRU,BUILDING PUBLIC AMENITIES BUILDING,23/05/2014,25/05/2014,28.9175396,54.07250635
247,PUBLIC TOILET,PUBLIC AMENITIES BUILDING,1,0,0,ELECTRICITY (GRID),Y,29.48,GPS,K-MURLON,BUILDING PUBLIC AMENITIES BUILDING,23/05/2014,25/05/2014,25.96240644,40.59273974
252,PUBLIC TOILET,PUBLIC AMENITIES BUILDING,1,0,0,ELECTRICITY (GRID),Y,32,GPS,K-CHAR03,BUILDING PUBLIC AMENITIES BUILDING,23/05/2014,28/05/2014,27.95478583,44.8942391
254,PUBLIC TOILET,PUBLIC AMENITIES BUILDING,1,0,0,ELECTRICITY (GRID),N,10,GPS,K-JAMESO,BUILDING PUBLIC AMENITIES BUILDING,23/05/2014,13/06/2014,14.35978213,12.84849669
258,PUBLIC TOILET,PUBLIC AMENITIES BUILDING,1,0,0,ELECTRICITY (GRID),N,34,GPS,K-HESSIO,BUILDING PUBLIC AMENITIES BUILDING,23/05/2014,28/05/2014,26.59926399,40.58145994
273,PUBLIC TOILET,PUBLIC AMENITIES BUILDING,1,0,0,ELECTRICITY (GRID),Y,38,,K-PIZZEY,BUILDING PUBLIC AMENITIES BUILDING,23/05/2014,25/05/2014,32.1427739,62.82712744
277,PUBLIC TOILET,PUBLIC AMENITIES BUILDING,1,0,0,ELECTRICITY (GRID),Y,40.18,GPS,K-TALLOW,BUILDING PUBLIC AMENITIES BUILDING,23/05/2014,25/05/2014,25.47328071,40.17909527
283,PUBLIC TOILET,PUBLIC AMENITIES BUILDING,1,0,0,ELECTRICITY (GRID),Y,279,GPS,F-ACMIAM,BUILDING PUBLIC AMENITIES BUILDING,23/05/2014,11/05/2015,96.82180293,435.8583045
286,PUBLIC TOILET,PUBLIC AMENITIES BUILDING,1,0,0,ELECTRICITY (GRID),Y,51.25,GPS,K-RIESEN,BUILDING PUBLIC AMENITIES BUILDING,23/05/2014,25/05/2014,28.6319878,51.25151103
288,PUBLIC TOILET,PUBLIC AMENITIES BUILDING,1,0,0,ELECTRICITY (GRID),N,10,GPS,K-NORF03,BUILDING PUBLIC AMENITIES BUILDING,23/05/2014,25/05/2014,20.57566955,23.44212024
289,PUBLIC TOILET,PUBLIC AMENITIES BUILDING,1,0,0,ELECTRICITY (GRID),N,10,GPS,K-NORF03,BUILDING PUBLIC AMENITIES BUILDING,23/05/2014,25/05/2014,21.91331193,28.3444453
293,PUBLIC TOILET,PUBLIC AMENITIES BUILDING,1,0,0,ELECTRICITY (GRID),Y,52,,K-GOLD03,BUILDING PUBLIC AMENITIES BUILDING,23/05/2014,25/05/2014,36.69805553,83.22334044
299,PUBLIC TOILET,PUBLIC AMENITIES BUILDING,1,0,0,ELECTRICITY (GRID),Y,25.65,GPS,K-JOHNHA,BUILDING PUBLIC AMENITIES BUILDING,23/05/2014,25/05/2014,23.58741056,25.64640131
315,PUBLIC TOILET,PUBLIC AMENITIES BUILDING,1,0,0,ELECTRICITY (GRID),N,30,GPS,K-BISCHO,BUILDING PUBLIC AMENITIES BUILDING,23/05/2014,28/05/2014,26.12150556,37.21676264
316,PUBLIC TOILET,PUBLIC AMENITIES BUILDING,1,0,0,ELECTRICITY (GRID),Y,12,GPS,K-PACI02,BUILDING PUBLIC AMENITIES BUILDING,23/05/2014,25/05/2014,17.73274746,19.18863632
326,PUBLIC TOILET,PUBLIC AMENITIES BUILDING,1,0,0,ELECTRICITY (GRID),Y,32,GPS,K-CASCAD,BUILDING PUBLIC AMENITIES BUILDING,23/05/2014,25/05/2014,24.66541107,30.64741329
330,PUBLIC TOILET,PUBLIC AMENITIES BUILDING,1,0,0,ELECTRICITY (GRID),Y,40,GPS,K-SIDB02,BUILDING PUBLIC AMENITIES BUILDING,23/05/2014,25/05/2014,37.96826701,84.00229606
331,PUBLIC TOILET,PUBLIC AMENITIES BUILDING,1,0,0,ELECTRICITY (GRID),N,11,GPS,K-FRANKC,BUILDING PUBLIC AMENITIES BUILDING,23/05/2014,25/05/2014,12.55181346,11.34532499
335,PUBLIC TOILET,PUBLIC AMENITIES BUILDING,1,0,0,ELECTRICITY (GRID),Y,29,GPS,K-KERK01,BUILDING PUBLIC AMENITIES BUILDING,23/05/2014,13/10/2014,26.4955775,40.37460721
343,PUBLIC TOILET,PUBLIC AMENITIES BUILDING,1,0,0,ELECTRICITY (GRID),N,45,GPS,K-STANMO,BUILDING PUBLIC AMENITIES BUILDING,23/05/2014,13/10/2014,31.20735918,66.71382333
350,PUBLIC TOILET,PUBLIC AMENITIES BUILDING,1,0,0,ELECTRICITY (GRID),Y,22,GPS,K-BANK02,BUILDING PUBLIC AMENITIES BUILDING,23/05/2014,25/05/2014,20.35735842,25.52048592
352,PUBLIC TOILET,PUBLIC AMENITIES BUILDING,1,0,0,ELECTRICITY (GRID),Y,38,GPS,K-LAGUNA,BUILDING PUBLIC AMENITIES BUILDING,23/05/2014,25/05/2014,30.61051959,50.38107776
353,PUBLIC TOILET,PUBLIC AMENITIES BUILDING,1,0,0,TBA,N,55.34,GPS,K-SURF02,BUILDING PUBLIC AMENITIES BUILDING,23/05/2014,25/08/2014,34.74602961,55.34021012
355,PUBLIC TOILET,PUBLIC AMENITIES BUILDING,1,0,0,ELECTRICITY (GRID),N,85,,K-PIZZEY,BUILDING PUBLIC AMENITIES BUILDING,23/05/2014,13/10/2014,39.63311752,94.01139937
361,PUBLIC TOILET,PUBLIC AMENITIES BUILDING,1,0,0,ELECTRICITY (GRID),Y,48.93,GPS,K-EDHARD,BUILDING PUBLIC AMENITIES BUILDING,23/05/2014,25/05/2014,27.99695703,48.92760109
362,PUBLIC TOILET,PUBLIC AMENITIES BUILDING,1,0,0,ELECTRICITY (GRID),Y,167,,K-PRATTE,BUILDING PUBLIC AMENITIES BUILDING,23/05/2014,28/05/2014,69.74318053,236.6599436
364,PUBLIC TOILET,PUBLIC AMENITIES BUILDING,1,0,0,TBA,N,51.89,GPS,K-SURF02,BUILDING PUBLIC AMENITIES BUILDING,23/05/2014,25/08/2014,33.48625647,51.77488513
369,PUBLIC TOILET,PUBLIC AMENITIES BUILDING,1,0,0,ELECTRICITY (GRID),N,23.55,GPS,F-TPBROA,BUILDING,23/05/2014,5/02/2015,21.43304286,23.55024304
388,PUBLIC TOILET,PUBLIC AMENITIES BUILDING,1,0,0,ELECTRICITY (GRID),N,34,GPS,K-GAMBAM,BUILDING PUBLIC AMENITIES BUILDING,23/05/2014,25/05/2014,30.05858804,46.55385031
390,PUBLIC TOILET,PUBLIC AMENITIES BUILDING,1,0,0,ELECTRICITY (GRID),Y,15,GPS,K-EILEEN,BUILDING PUBLIC AMENITIES BUILDING,23/05/2014,9/10/2014,20.4397339,25.54079563
394,PUBLIC TOILET,PUBLIC AMENITIES BUILDING,1,0,0,ELECTRICITY (GRID),Y,24.5,GPS,K-ATKINP,BUILDING PUBLIC AMENITIES BUILDING,23/05/2014,25/05/2014,27.6744214,37.79005293
398,PUBLIC TOILET,PUBLIC AMENITIES BUILDING,1,0,0,ELECTRICITY (GRID),Y,15,GPS,K-EILEEN,BUILDING PUBLIC AMENITIES BUILDING,23/05/2014,9/10/2014,20.55368219,25.79663179
403,PUBLIC TOILET,PUBLIC AMENITIES BUILDING,1,0,0,ELECTRICITY (GRID),Y,19.58,GPS,K-ABRAHA,BUILDING PUBLIC AMENITIES BUILDING,23/05/2014,25/05/2014,17.69487005,19.5282734
416,PUBLIC TOILET,PUBLIC AMENITIES BUILDING,1,0,0,ELECTRICITY (GRID),N,365,GPS,F-TPTALL,AMENITIES BLOCK,23/05/2014,2/05/2015,107.8068949,488.5876165
423,PUBLIC TOILET,PUBLIC AMENITIES BUILDING,1,0,0,ELECTRICITY (GRID),Y,162.4,GPS,K-JOHNLA,BUILDING PUBLIC AMENITIES BUILDING,23/05/2014,5/01/2015,58.04851962,182.4280407
425,PUBLIC TOILET,PUBLIC AMENITIES BUILDING,1,0,0,ELECTRICITY (GRID),N,35,,K-SUNTOW,BUILDING PUBLIC AMENITIES BUILDING,23/05/2014,7/10/2014,24.03990335,32.04693495
430,PUBLIC TOILET,PUBLIC AMENITIES BUILDING,1,0,0,ELECTRICITY (GRID),N,16,GPS,K-OXEN02,BUILDING PUBLIC AMENITIES BUILDING,23/05/2014,7/10/2014,15.96412746,15.92798606
438,PUBLIC TOILET,PUBLIC AMENITIES BUILDING,1,0,0,ELECTRICITY (GRID),N,33,GPS,K-SIRBRU,BUILDING PUBLIC AMENITIES BUILDING,23/05/2014,7/10/2014,25.97985581,41.22546779
455,PUBLIC TOILET,PUBLIC AMENITIES BUILDING,1,0,0,ELECTRICITY (GRID),Y,29.5,GPS,K-RONNIE,BUILDING PUBLIC AMENITIES BUILDING,23/05/2014,25/05/2014,33.40764679,69.45482389
468,PUBLIC TOILET,PUBLIC AMENITIES BUILDING,1,0,0,ELECTRICITY (GRID),Y,36,GPS,K-APPLET,BUILDING PUBLIC AMENITIES BUILDING,23/05/2014,25/05/2014,33.61914038,69.72026527
469,PUBLIC TOILET,PUBLIC AMENITIES BUILDING,1,0,0,ELECTRICITY (GRID),N,11,GPS,K-FRANKC,BUILDING PUBLIC AMENITIES BUILDING,23/05/2014,25/05/2014,12.57132259,11.38113356
472,PUBLIC TOILET,PUBLIC AMENITIES BUILDING,1,0,0,ELECTRICITY (GRID),N,49.5,AIR,K-MCKENZ,BUILDING PUBLIC AMENITIES BUILDING,23/05/2014,13/10/2014,43.04814538,107.6541795
477,PUBLIC TOILET,PUBLIC AMENITIES BUILDING,1,0,0,ELECTRICITY (GRID),N,96,GPS,K-GLENNO,BUILDING PUBLIC AMENITIES BUILDING,23/05/2014,25/05/2014,50.41825264,145.8861451
483,PUBLIC TOILET,PUBLIC AMENITIES BUILDING,1,0,0,ELECTRICITY (GRID),Y,62,GPS,K-MACINT,BUILDING PUBLIC AMENITIES BUILDING,23/05/2014,25/05/2014,33.89009908,62.87540396
488,PUBLIC TOILET,PUBLIC AMENITIES BUILDING,1,0,0,ELECTRICITY (GRID),Y,74,GPS,K-HOLL02,BUILDING PUBLIC AMENITIES BUILDING,23/05/2014,25/05/2014,44.77442751,73.34630733
493,PUBLIC TOILET,PUBLIC AMENITIES BUILDING,1,0,0,ELECTRICITY (GRID),N,35,GPS,K-NERANW,BUILDING PUBLIC AMENITIES BUILDING,23/05/2014,28/05/2014,34.26297568,69.64828602
494,PUBLIC TOILET,PUBLIC AMENITIES BUILDING,1,0,0,ELECTRICITY (GRID),Y,14.15,GPS,K-DAVENP,BUILDING PUBLIC AMENITIES BUILDING,23/05/2014,25/05/2014,23.86081557,24.73658621
495,PUBLIC TOILET,PUBLIC AMENITIES BUILDING,1,0,0,ELECTRICITY (GRID),N,19.97,GPS,K-BETTYD,BUILDING PUBLIC AMENITIES BUILDING,23/05/2014,25/05/2014,18.74122677,19.97154225
498,PUBLIC TOILET,PUBLIC AMENITIES BUILDING,1,0,0,ELECTRICITY (GRID),Y,40,GPS,K-KEITHH,BUILDING PUBLIC AMENITIES BUILDING,23/05/2014,25/05/2014,24.98332781,37.03456424
500,PUBLIC TOILET,PUBLIC AMENITIES BUILDING,1,0,0,ELECTRICITY (GRID),Y,7.7,GPS,K-FRASCO,BUILDING PUBLIC AMENITIES BUILDING,23/05/2014,25/05/2014,16.96429137,17.59384362
501,PUBLIC TOILET,PUBLIC AMENITIES BUILDING,1,0,0,ELECTRICITY (GRID),N,6,GPS,K-WILL03,BUILDING PUBLIC AMENITIES BUILDING,23/05/2014,25/05/2014,9.481000001,5.573711641
507,PUBLIC TOILET,PUBLIC AMENITIES BUILDING,1,0,0,ELECTRICITY (GRID),N,32,GPS,K-AUGUST,BUILDING PUBLIC AMENITIES BUILDING,23/05/2014,25/05/2014,26.31073876,39.88859699
508,PUBLIC TOILET,PUBLIC AMENITIES BUILDING,1,0,0,ELECTRICITY (GRID),Y,30,GPS,K-ALBE01,BUILDING PUBLIC AMENITIES BUILDING,23/05/2014,25/05/2014,35.00179342,73.33959905
520,PUBLIC TOILET,PUBLIC AMENITIES BUILDING,1,0,0,ELECTRICITY (GRID),N,18,GPS,K-BETTYD,BUILDING PUBLIC AMENITIES BUILDING,23/05/2014,25/05/2014,19.49425071,22.19216421
521,PUBLIC TOILET,PUBLIC AMENITIES BUILDING,1,0,0,ELECTRICITY (GRID),N,18,GPS,K-BETTYD,BUILDING PUBLIC AMENITIES BUILDING,23/05/2014,25/05/2014,21.97855963,27.55175072
522,PUBLIC TOILET,PUBLIC AMENITIES BUILDING,1,0,0,ELECTRICITY (GRID),Y,15,GPS,K-SIDB01,BUILDING PUBLIC AMENITIES BUILDING,23/05/2014,25/05/2014,20.72926227,25.42237677
523,PUBLIC TOILET,PUBLIC AMENITIES BUILDING,1,0,0,ELECTRICITY (GRID),N,40,GPS,K-HOLL01,BUILDING PUBLIC AMENITIES BUILDING,23/05/2014,13/10/2014,31.24562246,55.82487539
534,PUBLIC TOILET,PUBLIC AMENITIES BUILDING,1,0,0,ELECTRICITY (GRID),Y,24,GPS,K-MUDG02,BUILDING PUBLIC AMENITIES BUILDING,23/05/2014,13/10/2014,25.32307107,36.82880182
542,PUBLIC TOILET,PUBLIC AMENITIES BUILDING,1,0,0,ELECTRICITY (GRID),Y,40,GPS,K-VINEYP,BUILDING PUBLIC AMENITIES BUILDING,23/05/2014,25/05/2014,32.6449632,67.94697917
547,PUBLIC TOILET,PUBLIC AMENITIES BUILDING,1,0,0,ELECTRICITY (GRID),N,20.34,GPS,F-WMREED,BUILDING PUBLIC AMENITIES BUILDING,23/05/2014,25/05/2014,20.34566459,20.34267032
552,PUBLIC TOILET,PUBLIC AMENITIES BUILDING,1,0,0,ELECTRICITY (GRID),N,28,GPS,K-ANDREW,BUILDING PUBLIC AMENITIES BUILDING,23/05/2014,28/05/2014,23.01378354,29.94444683
556,PUBLIC TOILET,PUBLIC AMENITIES BUILDING,1,0,0,ELECTRICITY (GRID),Y,45,GPS,K-ROUGHT,BUILDING PUBLIC AMENITIES BUILDING,23/05/2014,25/05/2014,55.27175,206.4458408
565,PUBLIC TOILET,PUBLIC AMENITIES BUILDING,1,0,0,ELECTRICITY (GRID),Y,29.04,GPS,K-NORMRI,BUILDING PUBLIC AMENITIES BUILDING,23/05/2014,25/05/2014,29.81241125,43.77855359
566,PUBLIC TOILET,PUBLIC AMENITIES BUILDING,1,0,0,ELECTRICITY (GRID),Y,28,GPS,K-WEKAPA,BUILDING PUBLIC AMENITIES BUILDING,23/05/2014,25/05/2014,31.81825462,63.0906199
567,PUBLIC TOILET,PUBLIC AMENITIES BUILDING,1,0,0,ELECTRICITY (GRID),Y,30,GPS,K-GOODWI,BUILDING PUBLIC AMENITIES BUILDING,23/05/2014,25/05/2014,32.64205757,58.22392692
583,PUBLIC TOILET,PUBLIC AMENITIES BUILDING,1,0,0,ELECTRICITY (GRID),Y,660,GPS,K-PIZZEY,BUILDING PUBLIC AMENITIES BUILDING,23/05/2014,27/02/2015,163.3885143,966.809272
586,PUBLIC TOILET,PUBLIC AMENITIES BUILDING,2,0,0,ELECTRICITY (GRID),N,20,GPS,K-CECILZ,BUILDING PUBLIC AMENITIES BUILDING,8/03/2015,8/03/2015,27.24048158,24.83768861
593,PUBLIC TOILET,PUBLIC AMENITIES BUILDING,1,0,0,ELECTRICITY (GRID),N,23.05,GPS,F-TPBROA,BUILDING,23/05/2014,5/02/2015,21.24677815,23.0483021
596,PUBLIC TOILET,PUBLIC AMENITIES BUILDING,1,0,0,ELECTRICITY (GRID),Y,145.68,GPS,F-TPOCEA,AMENITIES BLOCK,23/05/2014,5/02/2015,62.00652113,174.4840397
600,PUBLIC TOILET,PUBLIC AMENITIES BUILDING,1,0,0,ELECTRICITY (GRID),N,242.2,GPS,F-TPBURL,BUILDING - RECREATION ROOM,23/05/2014,5/02/2015,65.39168564,241.6685275
625,PUBLIC TOILET,PUBLIC AMENITIES BUILDING,1,0,0,ELECTRICITY (GRID),Y,5,,K-CLARRI,BUILDING PUBLIC AMENITIES BUILDING,23/05/2014,25/05/2014,8.252143459,4.478474275
662,PUBLIC TOILET,PUBLIC AMENITIES BUILDING,1,0,0,ELECTRICITY (GRID),Y,55,GPS,K-BILING,BUILDING PUBLIC AMENITIES BUILDING,23/05/2014,25/05/2014,34.93963368,71.17829318
671,PUBLIC TOILET,PUBLIC AMENITIES BUILDING,1,0,0,ELECTRICITY (GRID),N,85.5,GPS,F-TPKIRR,RECREATION ROOM,23/05/2014,5/02/2015,64.49438956,246.9056152
673,PUBLIC TOILET,PUBLIC AMENITIES BUILDING,1,0,0,ELECTRICITY (GRID),Y,100,DIG,K-VICTOR,BUILDING PUBLIC AMENITIES BUILDING,23/05/2014,26/09/2014,49.42001254,99.96189068
698,PUBLIC TOILET,PUBLIC AMENITIES BUILDING,1,0,0,TBA,N,13,GPS,K-PINCAL,BUILDING PUBLIC AMENITIES BUILDING,23/05/2014,25/05/2014,23.38750228,34.15627239
701,PUBLIC TOILET,PUBLIC AMENITIES BUILDING,1,0,0,TBA,N,11.58,GPS,K-OWENPA,BUILDING PUBLIC AMENITIES BUILDING,23/05/2014,13/10/2014,13.64465468,11.58116408
703,PUBLIC TOILET,PUBLIC AMENITIES BUILDING,1,0,0,ELECTRICITY (GRID),Y,34,,R-A-AUSTINVILLEROAD,BUILDING PUBLIC AMENITIES BUILDING,23/05/2014,25/05/2014,26.55166758,43.1588182
751,PUBLIC TOILET,PUBLIC AMENITIES BUILDING,1,0,0,ELECTRICITY (GRID),Y,13,GPS,K-CHEV01,BUILDING PUBLIC AMENITIES BUILDING,23/05/2014,25/05/2014,17.95639202,17.86862979
757,PUBLIC TOILET,PUBLIC AMENITIES BUILDING,1,0,0,ELECTRICITY (GRID),Y,42,GPS,K-HINTER,BUILDING PUBLIC AMENITIES BUILDING,23/05/2014,25/05/2014,30.68368157,58.96794067
759,PUBLIC TOILET,PUBLIC AMENITIES BUILDING,1,0,0,ELECTRICITY (GRID),Y,13,GPS,K-ROBE04,BUILDING PUBLIC AMENITIES BUILDING,23/05/2014,25/05/2014,21.93425279,18.83171914
760,PUBLIC TOILET,PUBLIC AMENITIES BUILDING,1,0,0,ELECTRICITY (GRID),N,31,GPS,K-LOWE03,BUILDING PUBLIC AMENITIES BUILDING,23/05/2014,25/05/2014,23.99046285,34.94124869
764,PUBLIC TOILET,PUBLIC AMENITIES BUILDING,1,0,0,ELECTRICITY (GRID),Y,32,GPS,K-RONSHO,BUILDING PUBLIC AMENITIES BUILDING,23/05/2014,25/05/2014,31.7065434,45.05980103
765,PUBLIC TOILET,PUBLIC AMENITIES BUILDING,1,0,0,ELECTRICITY (GRID),N,50,GPS,K-NEDDYH,BUILDING PUBLIC AMENITIES BUILDING,23/05/2014,28/05/2014,39.08762956,85.53042302
766,PUBLIC TOILET,PUBLIC AMENITIES BUILDING,1,0,0,ELECTRICITY (GRID),Y,32,GPS,K-ELAN02,BUILDING PUBLIC AMENITIES BUILDING,23/05/2014,25/05/2014,28.14543235,44.80133361
767,PUBLIC TOILET,PUBLIC AMENITIES BUILDING,1,0,0,ELECTRICITY (GRID),Y,13,GPS,K-SWAMPO,BUILDING PUBLIC AMENITIES BUILDING,23/05/2014,25/05/2014,20.5982,26.51743879
773,PUBLIC TOILET,PUBLIC AMENITIES BUILDING,1,0,0,ELECTRICITY (GRID),Y,17,,K-KURR01,BUILDING PUBLIC AMENITIES BUILDING,23/05/2014,25/05/2014,20.89006784,20.59808217
782,PUBLIC TOILET,PUBLIC AMENITIES BUILDING,1,0,0,ELECTRICITY (GRID),Y,33,,K-BROA03,BUILDING PUBLIC AMENITIES BUILDING,23/05/2014,7/01/2015,26.59145103,43.47615559
789,PUBLIC TOILET,PUBLIC AMENITIES BUILDING,1,0,0,ELECTRICITY (GRID),Y,348,GPS,F-TPTALL,AMENITIES BLOCK,23/05/2014,5/02/2015,100.9734493,346.221925
794,PUBLIC TOILET,PUBLIC AMENITIES BUILDING,1,0,0,ELECTRICITY (GRID),N,33.5,GPS,F-TPOCEA,LAUNDRY,23/05/2014,5/02/2015,29.93341596,55.21178248
798,PUBLIC TOILET,PUBLIC AMENITIES BUILDING,1,0,0,ELECTRICITY (GRID),Y,22,GPS,K-SICKLE,BUILDING PUBLIC AMENITIES BUILDING,23/05/2014,25/05/2014,21.55478668,27.83484841
799,PUBLIC TOILET,PUBLIC AMENITIES BUILDING,1,0,0,ELECTRICITY (GRID),N,36,GPS,K-APEX06,BUILDING PUBLIC AMENITIES BUILDING,23/05/2014,28/05/2014,34.69425489,70.73094495
800,PUBLIC TOILET,PUBLIC AMENITIES BUILDING,1,0,0,ELECTRICITY (GRID),N,117,GPS,K-APEX05,BUILDING PUBLIC AMENITIES BUILDING,23/05/2014,7/10/2014,39.42899712,65.61121386
804,PUBLIC TOILET,PUBLIC AMENITIES BUILDING,1,0,0,ELECTRICITY (GRID),N,12.25,GPS,F-CCOLDM,BUILDING PUBLIC AMENITIES BUILDING,23/05/2014,29/05/2015,15.42194484,14.85914182
805,PUBLIC TOILET,PUBLIC AMENITIES BUILDING,1,0,0,ELECTRICITY (GRID),N,22.58,GPS,K-POTTER,BUILDING PUBLIC AMENITIES BUILDING,23/05/2014,29/05/2015,19.0827134,22.52717788
806,PUBLIC TOILET,PUBLIC AMENITIES BUILDING,2,0,0,ELECTRICITY (GRID),N,18,,K-LION08,BUILDING PUBLIC AMENITIES BUILDING,23/05/2014,25/05/2014,30.5847642,40.13796997
807,PUBLIC TOILET,PUBLIC AMENITIES BUILDING,1,0,0,ELECTRICITY (GRID),Y,17,,K-NARR01,BUILDING PUBLIC AMENITIES BUILDING,23/05/2014,25/05/2014,24.22732095,31.10775964
808,PUBLIC TOILET,PUBLIC AMENITIES BUILDING,1,0,0,ELECTRICITY (GRID),Y,25,GPS,K-PRESTO,BUILDING PUBLIC AMENITIES BUILDING,23/05/2014,25/05/2014,22.74308267,32.33898144
809,PUBLIC TOILET,PUBLIC AMENITIES BUILDING,1,0,0,ELECTRICITY (GRID),N,25.9,GPS,K-LIONSH,BUILDING PUBLIC AMENITIES BUILDING,23/05/2014,28/05/2014,20.72745546,25.20192639
810,PUBLIC TOILET,PUBLIC AMENITIES BUILDING,1,0,0,ELECTRICITY (GRID),Y,26.13,GPS,F-TPTALL,BUILDING,23/05/2014,5/02/2015,21.70638761,26.13285685
811,PUBLIC TOILET,PUBLIC AMENITIES BUILDING,1,0,0,ELECTRICITY (GRID),N,40,,R-B-BOUNDARYROADXXX,BUILDING PUBLIC AMENITIES BUILDING,23/05/2014,25/05/2014,28.37150122,49.1057975
820,PUBLIC TOILET,PUBLIC AMENITIES BUILDING,1,0,0,ELECTRICITY (GRID),N,26.73,GPS,F-TPTALL,BUILDING,23/05/2014,5/02/2015,22.15264221,26.73209139
831,PUBLIC TOILET,PUBLIC AMENITIES BUILDING,1,0,0,ELECTRICITY (GRID),Y,24.5,GPS,K-ALBE02,BUILDING PUBLIC AMENITIES BUILDING,23/05/2014,25/05/2014,31.0979936,58.50066396
834,PUBLIC TOILET,PUBLIC AMENITIES BUILDING,1,0,0,ELECTRICITY (GRID),N,149,GPS,K-GLENNO,BUILDING PUBLIC AMENITIES BUILDING,23/05/2014,13/10/2014,63.31652088,191.5252386
852,PUBLIC TOILET,PUBLIC AMENITIES BUILDING,1,0,0,ELECTRICITY (GRID),Y,38,GPS,K-DISC02,BUILDING PUBLIC AMENITIES BUILDING,23/05/2014,25/05/2014,26.60886706,43.47822719
870,PUBLIC TOILET,PUBLIC AMENITIES BUILDING,1,0,0,ELECTRICITY (GRID),N,25.5,GPS,F-SFCARR,BUILDING PUBLIC AMENITIES BUILDING,23/05/2014,25/05/2014,23.95692086,26.99810341
873,PUBLIC TOILET,PUBLIC AMENITIES BUILDING,1,0,0,ELECTRICITY (GRID),Y,259.51,GPS,F-TPKIRR,AMENITIES BLOCK,23/05/2014,5/02/2015,97.4319702,319.0865124
876,PUBLIC TOILET,PUBLIC AMENITIES BUILDING,1,0,0,TBA,N,40.1,GPS,K-RYDERP,BUILDING PUBLIC AMENITIES BUILDING,23/05/2014,25/08/2014,25.39115749,40.00973532
881,PUBLIC TOILET,PUBLIC AMENITIES BUILDING,1,0,0,ELECTRICITY (GRID),N,32,,R-N-NERANGMURWILLUM,BUILDING PUBLIC AMENITIES BUILDING,23/05/2014,25/05/2014,23.88443349,34.33201541
886,PUBLIC TOILET,PUBLIC AMENITIES BUILDING,1,0,0,ELECTRICITY (GRID),N,20.16,GPS,F-TPMAIN,AMENITIES BLOCK,23/05/2014,5/02/2015,24.70671319,32.37919871
887,PUBLIC TOILET,PUBLIC AMENITIES BUILDING,1,0,0,ELECTRICITY (GRID),N,20.16,GPS,F-TPMAIN,AMENITIES BLOCK,23/05/2014,5/02/2015,24.70634285,32.56559293
892,PUBLIC TOILET,PUBLIC AMENITIES BUILDING,1,0,0,ELECTRICITY (GRID),Y,14.4,GPS,F-CPJOED,BUILDING PUBLIC AMENITIES BUILDING,23/05/2014,16/05/2015,18.52707765,18.6907123
899,PUBLIC TOILET,PUBLIC AMENITIES BUILDING,1,0,0,ELECTRICITY (GRID),Y,9,GPS,F-CPCOOL,BUILDING PUBLIC AMENITIES BUILDING,23/05/2014,16/05/2015,16.85713846,14.28103507
905,PUBLIC TOILET,PUBLIC AMENITIES BUILDING,1,0,0,ELECTRICITY (GRID),Y,37,GPS,K-VILL01,BUILDING PUBLIC AMENITIES BUILDING,23/05/2014,25/05/2014,30.43846186,57.32330557
906,PUBLIC TOILET,PUBLIC AMENITIES BUILDING,1,0,0,TBA,Y,29.92,GPS,K-DAMIAN,BUILDING PUBLIC AMENITIES BUILDING,23/05/2014,25/05/2014,21.92360735,29.91769279
907,PUBLIC TOILET,PUBLIC AMENITIES BUILDING,1,0,0,ELECTRICITY (GRID),N,18,GPS,F-SFCARR,BUILDING PUBLIC AMENITIES BUILDING,23/05/2014,25/05/2014,17.93684949,17.89000569
908,PUBLIC TOILET,PUBLIC AMENITIES BUILDING,1,0,0,ELECTRICITY (GRID),N,9,,K-LANDAU,BUILDING PUBLIC AMENITIES BUILDING,23/05/2014,25/05/2014,15.61660808,14.23971708
910,PUBLIC TOILET,PUBLIC AMENITIES BUILDING,1,0,0,ELECTRICITY (GRID),Y,47,GPS,K-MURIEL,BUILDING PUBLIC AMENITIES BUILDING,23/05/2014,25/05/2014,39.01273468,73.554568
913,PUBLIC TOILET,PUBLIC AMENITIES BUILDING,1,0,0,DIESEL FUEL/POWER GENERATOR,N,24,GPS,F-OTTIPP,BUILDING PUBLIC AMENITIES BUILDING,23/05/2014,13/05/2015,19.96487515,23.96440284
934,PUBLIC TOILET,PUBLIC AMENITIES BUILDING,1,0,0,ELECTRICITY (GRID),N,104.26,GPS,K-TARR02,BUILDING PUBLIC AMENITIES BUILDING,23/05/2014,25/05/2014,40.85387955,104.2641126
937,PUBLIC TOILET,PUBLIC AMENITIES BUILDING,1,0,0,ELECTRICITY (GRID),Y,153,GPS,K-COPLIC,BUILDING PUBLIC AMENITIES BUILDING,23/05/2014,12/08/2014,92.47888118,293.3779329
946,PUBLIC TOILET,PUBLIC AMENITIES BUILDING,1,0,0,ELECTRICITY (GRID),Y,47,GPS,K-PIZZEY,BUILDING PUBLIC AMENITIES BUILDING,23/05/2014,25/05/2014,32.00935297,57.78890871
949,PUBLIC TOILET,PUBLIC AMENITIES BUILDING,1,0,0,DIESEL FUEL/POWER GENERATOR,N,27,GPS,F-CGNCUR,AMENITIES BLOCK,23/05/2014,13/05/2015,24.65780894,37.95334683
950,PUBLIC TOILET,PUBLIC AMENITIES BUILDING,1,0,0,ELECTRICITY (GRID),Y,89,GPS,F-TPBROA,AMENITIES BLOCK,23/05/2014,5/02/2015,92.82530683,347.0750248
959,PUBLIC TOILET,PUBLIC AMENITIES BUILDING,1,0,0,ELECTRICITY (GRID),N,40.35,GPS,F-CCKIRR,BUILDING PUBLIC AMENITIES BUILDING,23/05/2014,15/05/2015,25.41515526,40.35390844
970,PUBLIC TOILET,PUBLIC AMENITIES BUILDING,1,0,0,ELECTRICITY (GRID),Y,275.57,GPS,F-TPBURL,BUILDING - PUBLIC AMENITIES,23/05/2014,5/02/2015,89.70186955,486.1424529
972,PUBLIC TOILET,PUBLIC AMENITIES BUILDING,1,0,0,ELECTRICITY (GRID),Y,27.54,GPS,K-BROA03,BUILDING PUBLIC AMENITIES BUILDING,23/05/2014,22/09/2014,23.85273335,27.53790358
980,PUBLIC TOILET,PUBLIC AMENITIES BUILDING,1,0,0,ELECTRICITY (GRID),Y,20,GPS,K-JOHNSI,BUILDING PUBLIC AMENITIES BUILDING,23/05/2014,25/05/2014,23.927,35.78116536
983,PUBLIC TOILET,PUBLIC AMENITIES BUILDING,1,0,0,ELECTRICITY (GRID),Y,35,GPS,K-LIONEL,BUILDING PUBLIC AMENITIES BUILDING,23/05/2014,25/05/2014,34.63755135,63.26781112
985,PUBLIC TOILET,PUBLIC AMENITIES BUILDING,1,0,0,ELECTRICITY (GRID),N,54.32,GPS,K-EDHARD,BUILDING PUBLIC AMENITIES BUILDING,23/05/2014,25/05/2014,33.49501995,66.4960697
987,PUBLIC TOILET,PUBLIC AMENITIES BUILDING,1,0,0,DIESEL FUEL/POWER GENERATOR,N,49,GPS,F-CGNCUR,AMENITIES BLOCK,23/05/2014,13/05/2015,29.64277053,54.88785575
988,PUBLIC TOILET,PUBLIC AMENITIES BUILDING,1,0,0,DIESEL FUEL/POWER GENERATOR,N,27,,F-CGSCUR,AMENITIES BLOCK,23/05/2014,13/05/2015,24.96702598,38.9279023
989,PUBLIC TOILET,PUBLIC AMENITIES BUILDING,1,0,0,DIESEL FUEL/POWER GENERATOR,N,47,,F-CGSCUR,AMENITIES BLOCK,23/05/2014,13/05/2015,29.89720203,55.69899231
1003,PUBLIC TOILET,PUBLIC AMENITIES BUILDING,2,0,0,ELECTRICITY (GRID),Y,35,GPS,K-SCHUST,BUILDING PUBLIC AMENITIES BUILDING,23/05/2014,25/05/2014,25.78659417,41.47024865
1007,PUBLIC TOILET,PUBLIC AMENITIES BUILDING,1,0,0,ELECTRICITY (GRID),N,41,,K-MANG01,BUILDING PUBLIC AMENITIES BUILDING,23/05/2014,25/05/2014,29.02796464,49.20056729
1008,PUBLIC TOILET,PUBLIC AMENITIES BUILDING,1,0,0,ELECTRICITY (GRID),N,21,GPS,K-JANETT,BUILDING PUBLIC AMENITIES BUILDING,23/05/2014,25/05/2014,22.1130325,20.99944601
1012,PUBLIC TOILET,PUBLIC AMENITIES BUILDING,1,0,0,ELECTRICITY (GRID),N,31.31,GPS,K-ANDREW,BUILDING PUBLIC AMENITIES BUILDING,23/05/2014,25/05/2014,24.89295402,31.31502092
1022,PUBLIC TOILET,PUBLIC AMENITIES BUILDING,1,0,0,DIESEL FUEL/POWER GENERATOR,N,27,,F-CGSCUR,AMENITIES BLOCK,23/05/2014,13/05/2015,29.07144033,52.75488729
1035,PUBLIC TOILET,PUBLIC AMENITIES BUILDING,1,0,0,ELECTRICITY (GRID),Y,30,GPS,K-BETTYD,BUILDING PUBLIC AMENITIES BUILDING,23/05/2014,25/05/2014,34.11142099,46.22064156
1047,PUBLIC TOILET,PUBLIC AMENITIES BUILDING,1,0,0,ELECTRICITY (GRID),N,8,,K-HARL02,BUILDING PUBLIC AMENITIES BUILDING,23/05/2014,25/05/2014,29.35210268,25.64792754
1051,PUBLIC TOILET,PUBLIC AMENITIES BUILDING,1,0,0,ELECTRICITY (GRID),Y,220,GPS,F-TPMAIN,AMENITIES BLOCK,23/05/2014,5/02/2015,78.88322549,312.6365283
1056,PUBLIC TOILET,PUBLIC AMENITIES BUILDING,1,0,0,DIESEL FUEL/POWER GENERATOR,N,127,,F-CGTIPP,AMENITIES BLOCK,23/05/2014,13/05/2015,66.46789454,211.5207468
1057,PUBLIC TOILET,PUBLIC AMENITIES BUILDING,1,0,0,DIESEL FUEL/POWER GENERATOR,N,36,,F-CGTIPP,AMENITIES BLOCK,23/05/2014,13/05/2015,27.98373529,48.84601546
1058,PUBLIC TOILET,PUBLIC AMENITIES BUILDING,1,0,0,DIESEL FUEL/POWER GENERATOR,N,32,,F-CGTIPP,AMENITIES BLOCK,23/05/2014,13/05/2015,28.06007773,43.17801013
1066,PUBLIC TOILET,PUBLIC AMENITIES BUILDING,1,0,0,ELECTRICITY (GRID),N,18,GPS,F-TPBROA,AMENITIES BLOCK,23/05/2014,5/02/2015,22.97217983,25.97781714
1068,PUBLIC TOILET,PUBLIC AMENITIES BUILDING,1,0,0,ELECTRICITY (GRID),N,20,GPS,K-ALEXGR,BUILDING PUBLIC AMENITIES BUILDING,23/05/2014,10/06/2015,33.86950508,51.61504738
1076,PUBLIC TOILET,PUBLIC AMENITIES BUILDING,1,0,0,ELECTRICITY (GRID),Y,38.25,GPS,K-TALL05,BUILDING PUBLIC AMENITIES BUILDING,23/05/2014,10/06/2015,37.20463269,85.81067985
1077,PUBLIC TOILET,PUBLIC AMENITIES BUILDING,1,0,0,ELECTRICITY (GRID),N,24,GPS,K-BADENP,BUILDING PUBLIC AMENITIES BUILDING,23/05/2014,10/06/2015,28.31868899,45.7829023
1086,PUBLIC TOILET,PUBLIC AMENITIES BUILDING,1,0,0,ELECTRICITY (GRID),N,25,GPS,F-TPKIRR,MULTIPURPOSE,23/05/2014,5/02/2015,43.05624662,100.0921618
1088,PUBLIC TOILET,PUBLIC AMENITIES BUILDING,1,0,0,ELECTRICITY (GRID),N,20.16,GPS,F-TPMAIN,AMENITIES BLOCK,23/05/2014,5/02/2015,25.51058561,35.57014026
1089,PUBLIC TOILET,PUBLIC AMENITIES BUILDING,1,0,0,ELECTRICITY (GRID),N,16,GPS,F-TPMAIN,AMENITIES BLOCK,23/05/2014,5/02/2015,17.98419951,20.21105229
1090,PUBLIC TOILET,PUBLIC AMENITIES BUILDING,1,0,0,ELECTRICITY (GRID),Y,50.56,GPS,K-ROTA01,BUILDING PUBLIC AMENITIES BUILDING,23/05/2014,25/05/2014,28.500574,50.55559327
1091,PUBLIC TOILET,PUBLIC AMENITIES BUILDING,1,0,0,ELECTRICITY (GRID),Y,24,GPS,K-GLADYS,BUILDING PUBLIC AMENITIES BUILDING,23/05/2014,25/05/2014,16.47145276,19.94475182
1092,PUBLIC TOILET,PUBLIC AMENITIES BUILDING,1,0,0,ELECTRICITY (GRID),Y,67.28,GPS,K-QUEENE,BUILDING PUBLIC AMENITIES BUILDING,23/05/2014,25/05/2014,34.50235896,67.13554473
1093,PUBLIC TOILET,PUBLIC AMENITIES BUILDING,2,0,0,ELECTRICITY (GRID),N,22,GPS,K-EDDI02,BUILDING PUBLIC AMENITIES BUILDING,23/05/2014,25/05/2014,30.20545851,40.32675077
1094,PUBLIC TOILET,PUBLIC AMENITIES BUILDING,1,0,0,ELECTRICITY (GRID),N,38,,K-PAULSC,BUILDING PUBLIC AMENITIES BUILDING,23/05/2014,25/05/2014,28.61827047,50.29544046
1097,PUBLIC TOILET,PUBLIC AMENITIES BUILDING,1,0,0,ELECTRICITY (GRID),N,26,GPS,F-TPMAIN,AMENITIES BLOCK,23/05/2014,5/02/2015,26.33924823,43.35116251
1108,PUBLIC TOILET,PUBLIC AMENITIES BUILDING,1,0,0,ELECTRICITY (GRID),Y,124,GPS,K-RUNA03,BUILDING PUBLIC AMENITIES BUILDING,23/05/2014,25/05/2014,45.23475087,124.0006709
1110,PUBLIC TOILET,PUBLIC AMENITIES BUILDING,1,0,0,ELECTRICITY (GRID),Y,35,GPS,K-RUNA03,BUILDING PUBLIC AMENITIES BUILDING,23/05/2014,25/05/2014,27.11383339,44.52572455
1112,PUBLIC TOILET,PUBLIC AMENITIES BUILDING,1,0,0,TBA,Y,35.51,GPS,K-GALLEO,BUILDING PUBLIC AMENITIES BUILDING,23/05/2014,25/05/2014,23.96348582,35.4336869
1114,PUBLIC TOILET,PUBLIC AMENITIES BUILDING,1,0,0,ELECTRICITY (GRID),Y,53,GPS,K-PELI01,BUILDING PUBLIC AMENITIES BUILDING,23/05/2014,10/06/2015,33.34263129,66.63200664
1116,PUBLIC TOILET,PUBLIC AMENITIES BUILDING,1,0,0,ELECTRICITY (GRID),N,26,GPS,K-LION04,BUILDING PUBLIC AMENITIES BUILDING,23/05/2014,25/05/2014,23.05103731,31.38960402
1119,PUBLIC TOILET,PUBLIC AMENITIES BUILDING,1,0,0,ELECTRICITY (GRID),N,26,,K-ARTH02,BUILDING PUBLIC AMENITIES BUILDING,23/05/2014,10/06/2015,24.77066842,34.7415669
1120,PUBLIC TOILET,PUBLIC AMENITIES BUILDING,1,0,0,ELECTRICITY (GRID),N,47,GPS,K-BUDDSB,BUILDING PUBLIC AMENITIES BUILDING,23/05/2014,10/06/2015,35.8774007,55.839228
1134,PUBLIC TOILET,PUBLIC AMENITIES BUILDING,1,0,0,ELECTRICITY (GRID),N,12,,K-CLIFFB,BUILDING PUBLIC AMENITIES BUILDING,23/05/2014,25/05/2014,22.53582877,30.26061048
1137,PUBLIC TOILET,PUBLIC AMENITIES BUILDING,1,0,0,ELECTRICITY (GRID),N,32.85,,K-PRATTE,BUILDING PUBLIC AMENITIES BUILDING,23/05/2014,25/05/2014,23.71038168,34.21040723
1141,PUBLIC TOILET,PUBLIC AMENITIES BUILDING,1,0,0,ELECTRICITY (GRID),Y,45.07,GPS,K-ANNETT,BUILDING PUBLIC AMENITIES BUILDING,23/05/2014,10/06/2015,26.83854707,44.96523909
1147,PUBLIC TOILET,PUBLIC AMENITIES BUILDING,1,0,0,TBA,N,24.11,GPS,K-COOM07,BUILDING PUBLIC AMENITIES BUILDING,23/05/2014,25/08/2014,21.97942044,24.11348837
1148,PUBLIC TOILET,PUBLIC AMENITIES BUILDING,1,0,0,ELECTRICITY (GRID),N,44,,K-SILV01,BUILDING PUBLIC AMENITIES BUILDING,23/05/2014,25/05/2014,30.64122497,52.42893375
1149,PUBLIC TOILET,PUBLIC AMENITIES BUILDING,1,0,0,ELECTRICITY (GRID),N,21,,K-COLGAT,BUILDING PUBLIC AMENITIES BUILDING,23/05/2014,25/05/2014,26.04254245,28.06916938
1151,PUBLIC TOILET,PUBLIC AMENITIES BUILDING,2,0,0,ELECTRICITY (GRID),N,6,GPS,K-GEORGE,BUILDING PUBLIC AMENITIES BUILDING,23/05/2014,25/05/2014,19.09670595,22.73492887
1157,PUBLIC TOILET,PUBLIC AMENITIES BUILDING,1,0,0,ELECTRICITY (GRID),N,13.4,GPS,K-PIZZEY,BUILDING PUBLIC AMENITIES BUILDING,23/05/2014,13/10/2014,15.38687339,13.39857884
1158,PUBLIC TOILET,PUBLIC AMENITIES BUILDING,1,0,0,ELECTRICITY (GRID),N,32,GPS,K-KEITHH,BUILDING PUBLIC AMENITIES BUILDING,23/05/2014,25/05/2014,30.34113933,42.01520396
1161,PUBLIC TOILET,PUBLIC AMENITIES BUILDING,1,0,0,ELECTRICITY (GRID),N,53,GPS,K-NIKIFO,BUILDING PUBLIC AMENITIES BUILDING,23/05/2014,25/05/2014,37.48916039,84.92874144
1162,PUBLIC TOILET,PUBLIC AMENITIES BUILDING,1,0,0,ELECTRICITY (GRID),Y,109,GPS,F-ACNERA,BUILDING PUBLIC AMENITIES BUILDING,23/05/2014,11/05/2015,59.24693643,198.2025446
1165,PUBLIC TOILET,PUBLIC AMENITIES BUILDING,1,0,0,ELECTRICITY (GRID),N,47,GPS,K-PHIL01,BUILDING PUBLIC AMENITIES BUILDING,23/05/2014,25/05/2014,38.1559935,69.29773875
1168,PUBLIC TOILET,PUBLIC AMENITIES BUILDING,1,0,0,ELECTRICITY (GRID),N,33,GPS,F-NGCHAR,BUILDING PUBLIC AMENITIES BUILDING,23/05/2014,25/05/2014,27.68907735,46.29370026
1178,PUBLIC TOILET,PUBLIC AMENITIES BUILDING,1,0,0,ELECTRICITY (GRID),Y,45,GPS,K-ROUGHT,BUILDING PUBLIC AMENITIES BUILDING,23/05/2014,25/05/2014,43.84266787,115.3403711
1183,PUBLIC TOILET,PUBLIC AMENITIES BUILDING,1,0,0,ELECTRICITY (GRID),Y,38,GPS,K-PARA01,BUILDING PUBLIC AMENITIES BUILDING,23/05/2014,8/10/2014,34.29136725,63.66518638
1184,PUBLIC TOILET,PUBLIC AMENITIES BUILDING,1,0,0,ELECTRICITY (GRID),Y,9.36,GPS,K-BROA03,BUILDING PUBLIC AMENITIES BUILDING,23/05/2014,22/09/2014,11.42157339,9.364476224
1187,PUBLIC TOILET,PUBLIC AMENITIES BUILDING,1,0,0,ELECTRICITY (GRID),Y,9.4,GPS,K-BROA03,BUILDING PUBLIC AMENITIES BUILDING,23/05/2014,22/09/2014,11.52351809,9.404852892
1189,PUBLIC TOILET,PUBLIC AMENITIES BUILDING,1,0,0,ELECTRICITY (GRID),Y,32,GPS,K-NERA07,BUILDING PUBLIC AMENITIES BUILDING,23/05/2014,25/05/2014,25.50032689,35.96740644
1208,PUBLIC TOILET,PUBLIC AMENITIES BUILDING,1,0,0,ELECTRICITY (GRID),N,18,GPS,F-TPBROA,AMENITIES BLOCK,23/05/2014,5/02/2015,22.97025583,25.87909212
1214,PUBLIC TOILET,PUBLIC AMENITIES BUILDING,1,0,0,ELECTRICITY (GRID),N,32,,K-BANK02,BUILDING PUBLIC AMENITIES BUILDING,23/05/2014,25/05/2014,27.13560602,41.87271924
1218,PUBLIC TOILET,PUBLIC AMENITIES BUILDING,1,0,0,ELECTRICITY (GRID),N,18,GPS,K-PLATEL,BUILDING PUBLIC AMENITIES BUILDING,23/05/2014,10/06/2015,22.02973675,38.58017221
1228,PUBLIC TOILET,PUBLIC AMENITIES BUILDING,1,0,0,ELECTRICITY (GRID),Y,264,GPS,F-ACNERA,BUILDING PUBLIC AMENITIES BUILDING,23/05/2014,11/05/2015,93.15194791,352.2350364
1229,PUBLIC TOILET,PUBLIC AMENITIES BUILDING,1,0,0,ELECTRICITY (GRID),Y,154,GPS,F-ACWOON,BUILDING PUBLIC AMENITIES BUILDING,23/05/2014,12/05/2015,82.84677044,179.8332713
1237,PUBLIC TOILET,PUBLIC AMENITIES BUILDING,1,0,0,ELECTRICITY (GRID),Y,189,GPS,F-TPBROA,AMENITIES BLOCK,23/05/2014,5/02/2015,71.30032011,220.1863505
1257,PUBLIC TOILET,PUBLIC AMENITIES BUILDING,1,0,0,ELECTRICITY (GRID),Y,37,GPS,K-WIND02,BUILDING PUBLIC AMENITIES BUILDING,23/05/2014,25/05/2014,17.98339113,20.21251531
1278,PUBLIC TOILET,PUBLIC AMENITIES BUILDING,1,0,0,ELECTRICITY (GRID),Y,15,,K-NARR01,BUILDING PUBLIC AMENITIES BUILDING,23/05/2014,25/05/2014,25.61507689,34.37564183
1279,PUBLIC TOILET,PUBLIC AMENITIES BUILDING,1,0,0,ELECTRICITY (GRID),N,28.77,,F-TPTALL,BUILDING,23/05/2014,5/02/2015,25.31960944,28.76665732
1285,PUBLIC TOILET,PUBLIC AMENITIES BUILDING,1,0,0,ELECTRICITY (GRID),N,30,GPS,K-WALLAC,BUILDING PUBLIC AMENITIES BUILDING,23/05/2014,11/06/2015,30.35631126,40.59070951
1286,PUBLIC TOILET,PUBLIC AMENITIES BUILDING,1,0,0,TBA,N,49,GPS,K-MEMORI,BUILDING PUBLIC AMENITIES BUILDING,23/05/2014,27/08/2014,26.83465308,44.99579646
1287,PUBLIC TOILET,PUBLIC AMENITIES BUILDING,1,0,0,TBA,N,77,,K-KROPPP,BUILDING PUBLIC AMENITIES BUILDING,23/05/2014,25/08/2014,38.21042338,85.33301823
1289,PUBLIC TOILET,PUBLIC AMENITIES BUILDING,1,0,0,ELECTRICITY (GRID),Y,80,GPS,K-WYBERB,BUILDING PUBLIC AMENITIES BUILDING,23/05/2014,28/05/2014,41.12646095,80.99889569
1291,PUBLIC TOILET,PUBLIC AMENITIES BUILDING,1,0,0,ELECTRICITY (GRID),Y,35,,K-OCONNE,BUILDING PUBLIC AMENITIES BUILDING,23/05/2014,25/05/2014,31.07208741,57.40294454
1294,PUBLIC TOILET,PUBLIC AMENITIES BUILDING,1,0,0,ELECTRICITY (GRID),N,14,,K-RUNA01,BUILDING PUBLIC AMENITIES BUILDING,23/05/2014,25/05/2014,21.72073559,23.46931619
1301,PUBLIC TOILET,PUBLIC AMENITIES BUILDING,1,0,0,ELECTRICITY (GRID),N,20,GPS,K-THEVIL,BUILDING PUBLIC AMENITIES BUILDING,23/05/2014,25/05/2014,22.48263772,23.99298148
1302,PUBLIC TOILET,PUBLIC AMENITIES BUILDING,1,0,0,ELECTRICITY (GRID),Y,150,GPS,F-TPBROA,AMENITIES BLOCK,23/05/2014,5/02/2015,52.03867679,167.768575
1334,PUBLIC TOILET,PUBLIC AMENITIES BUILDING,1,0,0,ELECTRICITY (GRID),Y,30,GPS,K-MACINT,BUILDING PUBLIC AMENITIES BUILDING,23/05/2014,25/05/2014,37.5896605,88.28128227
1338,PUBLIC TOILET,PUBLIC AMENITIES BUILDING,1,0,0,ELECTRICITY (GRID),N,23,,K-CAREYP,BUILDING PUBLIC AMENITIES BUILDING,23/05/2014,28/05/2014,32.52559341,48.21455354
1340,PUBLIC TOILET,PUBLIC AMENITIES BUILDING,1,0,0,ELECTRICITY (GRID),N,27,GPS,F-CPKARL,BUILDING PUBLIC AMENITIES BUILDING,23/05/2014,17/05/2015,27.0690755,38.35166958
1344,PUBLIC TOILET,PUBLIC AMENITIES BUILDING,1,0,0,ELECTRICITY (GRID),N,32,GPS,F-CMSGEN,BUILDING PUBLIC AMENITIES BUILDING,23/05/2014,12/05/2015,23.84454692,35.51041086
1346,PUBLIC TOILET,PUBLIC AMENITIES BUILDING,1,0,0,ELECTRICITY (GRID),Y,40,GPS,K-WALLAC,Building,20/10/2014,21/01/2015,25.75413464,40.0660017
1348,PUBLIC TOILET,PUBLIC AMENITIES BUILDING,1,0,0,ELECTRICITY (GRID),Y,185.2,GPS,K-MALL01,BUILDING PUBLIC AMENITIES BUILDING,23/05/2014,25/05/2014,96.04073065,531.4708243
1349,PUBLIC TOILET,PUBLIC AMENITIES BUILDING,1,0,0,ELECTRICITY (GRID),N,172,GPS,K-PIZZEY,BUILDING PUBLIC AMENITIES BUILDING,23/05/2014,13/10/2014,58.24865169,181.1723315
1353,PUBLIC TOILET,PUBLIC AMENITIES BUILDING,1,0,0,ELECTRICITY (GRID),N,70,,K-PHIL01,BUILDING PUBLIC AMENITIES BUILDING,23/05/2014,25/05/2014,38.73407059,79.19010359
1356,PUBLIC TOILET,PUBLIC AMENITIES BUILDING,1,0,0,TBA,Y,51.9,GPS,K-PATFAG,BUILDING PUBLIC AMENITIES BUILDING,23/05/2014,25/05/2014,30.07344638,51.78653209
1359,PUBLIC TOILET,PUBLIC AMENITIES BUILDING,1,0,0,ELECTRICITY (GRID),N,10,GPS,K-JAMESO,BUILDING PUBLIC AMENITIES BUILDING,23/05/2014,13/06/2014,14.51199359,13.14636632
1360,PUBLIC TOILET,PUBLIC AMENITIES BUILDING,1,0,0,ELECTRICITY (GRID),Y,43,GPS,K-CENTEN,BUILDING PUBLIC AMENITIES BUILDING,23/05/2014,28/05/2014,31.18556435,52.09683364
1361,PUBLIC TOILET,PUBLIC AMENITIES BUILDING,1,0,0,ELECTRICITY (GRID),Y,40,GPS,K-CROCKE,BUILDING PUBLIC AMENITIES BUILDING,23/05/2014,25/05/2014,28.03703459,52.10428
1368,PUBLIC TOILET,PUBLIC AMENITIES BUILDING,1,0,0,ELECTRICITY (GRID),N,26,GPS,K-CHIRNP,BUILDING PUBLIC AMENITIES BUILDING,23/05/2014,28/05/2014,28.007629,45.00342868
1375,PUBLIC TOILET,PUBLIC AMENITIES BUILDING,1,0,0,ELECTRICITY (GRID),Y,18,GPS,K-TUGUNP,BUILDING PUBLIC AMENITIES BUILDING,23/05/2014,25/05/2014,22.07805174,21.54225017
1385,PUBLIC TOILET,PUBLIC AMENITIES BUILDING,1,0,0,ELECTRICITY (GRID),Y,32,GPS,K-TIERNE,BUILDING PUBLIC AMENITIES BUILDING,23/05/2014,13/10/2014,29.89305283,57.14335232
1391,PUBLIC TOILET,PUBLIC AMENITIES BUILDING,1,0,0,ELECTRICITY (GRID),Y,180,GPS,K-BROA03,BUILDING PUBLIC AMENITIES BUILDING,23/05/2014,22/09/2014,56.92437674,181.5727555
1393,PUBLIC TOILET,PUBLIC AMENITIES BUILDING,1,0,0,ELECTRICITY (GRID),Y,107,GPS,K-HARL01,BUILDING PUBLIC AMENITIES BUILDING,23/05/2014,25/05/2014,53.05452525,158.1944972
1397,PUBLIC TOILET,PUBLIC AMENITIES BUILDING,1,0,0,ELECTRICITY (GRID),Y,42,GPS,K-PALMBE,BUILDING PUBLIC AMENITIES BUILDING,23/05/2014,13/10/2014,28.93709829,52.26409222
1406,PUBLIC TOILET,PUBLIC AMENITIES BUILDING,1,0,0,ELECTRICITY (GRID),N,32,GPS,K-ARTH03,BUILDING PUBLIC AMENITIES BUILDING,23/05/2014,25/05/2014,30.30048909,52.66363
1411,PUBLIC TOILET,PUBLIC AMENITIES BUILDING,1,0,0,ELECTRICITY (GRID),Y,6.24,GPS,K-JOANPA,BUILDING PUBLIC AMENITIES BUILDING,23/05/2014,7/10/2014,9.991950609,6.23982636
1413,PUBLIC TOILET,PUBLIC AMENITIES BUILDING,1,0,0,ELECTRICITY (GRID),N,83.05,GPS,K-RUNA02,BUILDING PUBLIC AMENITIES BUILDING,23/05/2014,25/05/2014,64.02245137,182.2790306
1415,PUBLIC TOILET,PUBLIC AMENITIES BUILDING,1,0,0,ELECTRICITY (GRID),Y,236,GPS,K-OWENPA,BUILDING PUBLIC AMENITIES BUILDING,23/05/2014,28/05/2014,69.01097462,251.9361685
1433,PUBLIC TOILET,PUBLIC AMENITIES BUILDING,1,0,0,ELECTRICITY (GRID),Y,108,GPS,K-EVANDA,BUILDING PUBLIC AMENITIES BUILDING,23/05/2014,22/06/2015,63.9131791,110.7332976
1435,PUBLIC TOILET,PUBLIC AMENITIES BUILDING,1,0,0,ELECTRICITY (GRID),N,58.42,GPS,K-RUNA02,BUILDING PUBLIC AMENITIES BUILDING,23/05/2014,28/05/2014,38.19798727,71.27579985
1436,PUBLIC TOILET,PUBLIC AMENITIES BUILDING,1,0,0,TBA,N,10,GPS,R-C-CAVILLAVENUEXXX,BUILDING PUBLIC AMENITIES BUILDING,23/05/2014,25/05/2014,13.95111299,10.12966689
1438,PUBLIC TOILET,PUBLIC AMENITIES BUILDING,1,0,0,ELECTRICITY (GRID),Y,158,GPS,K-CURR04,BUILDING PUBLIC AMENITIES BUILDING,23/05/2014,25/05/2014,62.22777914,174.763058
1439,PUBLIC TOILET,PUBLIC AMENITIES BUILDING,1,0,0,ELECTRICITY (GRID),Y,17,GPS,K-GOLD02,BUILDING PUBLIC AMENITIES BUILDING,23/05/2014,25/05/2014,23.5673977,32.31950101
1442,PUBLIC TOILET,PUBLIC AMENITIES BUILDING,1,0,0,TBA,N,3.6,GPS,K-COUN02,BUILDING PUBLIC AMENITIES BUILDING,23/05/2014,25/05/2014,7.590513745,3.59645929
1449,PUBLIC TOILET,PUBLIC AMENITIES BUILDING,1,0,0,TBA,Y,14.96,GPS,K-GRICEP,BUILDING PUBLIC AMENITIES BUILDING,23/05/2014,25/05/2014,15.57956627,14.9287691
1450,PUBLIC TOILET,PUBLIC AMENITIES BUILDING,1,0,0,ELECTRICITY (GRID),Y,15,GPS,K-SIRBRU,BUILDING PUBLIC AMENITIES BUILDING,23/05/2014,25/05/2014,24.14896382,25.72111366
1451,PUBLIC TOILET,PUBLIC AMENITIES BUILDING,1,0,0,ELECTRICITY (GRID),Y,19.08,GPS,K-LANDSD,BUILDING PUBLIC AMENITIES BUILDING,23/05/2014,25/05/2014,18.35550457,19.0776824
1453,PUBLIC TOILET,PUBLIC AMENITIES BUILDING,1,0,0,ELECTRICITY (GRID),Y,36,,K-ROYALP,BUILDING PUBLIC AMENITIES BUILDING,23/05/2014,10/06/2015,32.76823576,63.74976365
1454,PUBLIC TOILET,PUBLIC AMENITIES BUILDING,1,0,0,ELECTRICITY (GRID),Y,73,GPS,F-SFCARR,BUILDING PUBLIC AMENITIES BUILDING,23/05/2014,25/05/2014,45.97625774,125.7425996
1455,PUBLIC TOILET,PUBLIC AMENITIES BUILDING,1,0,0,TBA,N,63.19,GPS,K-ANDYFR,BUILDING PUBLIC AMENITIES BUILDING,23/05/2014,25/05/2014,31.99527789,63.04838502
1458,PUBLIC TOILET,PUBLIC AMENITIES BUILDING,1,0,0,ELECTRICITY (GRID),Y,30,GPS,K-LENFOX,BUILDING PUBLIC AMENITIES BUILDING,23/05/2014,10/06/2015,33.82898097,59.46610407
1468,PUBLIC TOILET,PUBLIC AMENITIES BUILDING,1,0,0,ELECTRICITY (GRID),N,25.9,GPS,K-MART01,BUILDING PUBLIC AMENITIES BUILDING,23/05/2014,10/06/2015,23.61098954,30.39802775
1470,PUBLIC TOILET,PUBLIC AMENITIES BUILDING,1,0,0,ELECTRICITY (GRID),N,33,GPS,K-LION05,BUILDING PUBLIC AMENITIES BUILDING,23/05/2014,10/06/2015,26.41659727,37.54609009
1475,PUBLIC TOILET,PUBLIC AMENITIES BUILDING,1,0,0,ELECTRICITY (GRID),Y,26.6,GPS,R-G-GOLDCCLNGTOSRFR,BUILDING PUBLIC AMENITIES BUILDING,23/05/2014,25/05/2014,24.4237289,36.10061196
1487,PUBLIC TOILET,PUBLIC AMENITIES BUILDING,1,0,0,ELECTRICITY (GRID),N,20.16,GPS,F-TPMAIN,AMENITIES BLOCK,23/05/2014,5/02/2015,25.00198109,32.94107416
1489,PUBLIC TOILET,PUBLIC AMENITIES BUILDING,1,0,0,ELECTRICITY (GRID),N,32,GPS,K-CHAR05,BUILDING PUBLIC AMENITIES BUILDING,23/05/2014,10/06/2015,28.32174826,46.04898197
1494,PUBLIC TOILET,PUBLIC AMENITIES BUILDING,1,0,0,ELECTRICITY (GRID),Y,29.8,GPS,K-UPPE02,BUILDING PUBLIC AMENITIES BUILDING,23/05/2014,25/05/2014,21.86064932,29.80434659
1496,PUBLIC TOILET,PUBLIC AMENITIES BUILDING,1,0,0,ELECTRICITY (GRID),N,76,GPS,F-SFCARR,BUILDING PUBLIC AMENITIES BUILDING,23/05/2014,25/05/2014,43.08210863,111.2584865
1497,PUBLIC TOILET,PUBLIC AMENITIES BUILDING,1,0,0,ELECTRICITY (GRID),N,34,GPS,K-LENFOX,BUILDING PUBLIC AMENITIES BUILDING,23/05/2014,10/06/2015,30.17679804,50.358845
1501,PUBLIC TOILET,PUBLIC AMENITIES BUILDING,1,0,0,TBA,N,131.66,GPS,K-COUN02,BUILDING PUBLIC AMENITIES BUILDING,23/05/2014,25/08/2014,60.48432735,131.6645224
1502,PUBLIC TOILET,PUBLIC AMENITIES BUILDING,1,0,0,ELECTRICITY (GRID),Y,100,GPS,K-TUGUNE,BUILDING PUBLIC AMENITIES BUILDING,23/05/2014,10/06/2015,42.36446676,110.9429476
1503,PUBLIC TOILET,PUBLIC AMENITIES BUILDING,1,0,0,ELECTRICITY (GRID),Y,104,GPS,K-QUEENE,BUILDING PUBLIC AMENITIES BUILDING,23/05/2014,10/06/2015,54.95092583,138.0707424
1512,PUBLIC TOILET,PUBLIC AMENITIES BUILDING,1,0,0,ELECTRICITY (GRID),N,79,GPS,F-SFGCCY,BUILDING PUBLIC AMENITIES BUILDING,23/05/2014,28/05/2014,53.83801585,129.6939013
1514,PUBLIC TOILET,PUBLIC AMENITIES BUILDING,1,0,0,ELECTRICITY (GRID),N,20.16,GPS,F-TPMAIN,AMENITIES BLOCK,23/05/2014,5/02/2015,23.95099566,29.78042643
1515,PUBLIC TOILET,PUBLIC AMENITIES BUILDING,1,0,0,ELECTRICITY (GRID),N,32,GPS,F-CFWOON,BUILDING PUBLIC AMENITIES BUILDING,23/05/2014,25/05/2014,26.79555969,41.70584386
1519,PUBLIC TOILET,PUBLIC AMENITIES BUILDING,1,0,0,ELECTRICITY (GRID),Y,49,GPS,F-CMSLAW,BUILDING PUBLIC AMENITIES BUILDING,23/05/2014,13/05/2015,40.19444342,115.4355377
1525,PUBLIC TOILET,PUBLIC AMENITIES BUILDING,1,0,0,ELECTRICITY (GRID),Y,33,GPS,K-PIZZEY,BUILDING PUBLIC AMENITIES BUILDING,23/05/2014,25/05/2014,22.96932283,32.9285191
1526,PUBLIC TOILET,PUBLIC AMENITIES BUILDING,1,0,0,ELECTRICITY (GRID),N,40,GPS,K-WALLYF,BUILDING PUBLIC AMENITIES BUILDING,23/05/2014,10/06/2015,28.05697086,48.6509813
1528,PUBLIC TOILET,PUBLIC AMENITIES BUILDING,1,0,0,ELECTRICITY (GRID),N,25,GPS,K-SPRI01,BUILDING PUBLIC AMENITIES BUILDING,23/05/2014,10/06/2015,23.22344447,28.0865309
1530,PUBLIC TOILET,PUBLIC AMENITIES BUILDING,1,0,0,ELECTRICITY (GRID),N,26,,K-TOMROS,BUILDING PUBLIC AMENITIES BUILDING,23/05/2014,10/06/2015,25.00641252,35.95462889
1536,PUBLIC TOILET,PUBLIC AMENITIES BUILDING,1,0,0,ELECTRICITY (GRID),N,217,GPS,K-ASHM02,BUILDING PUBLIC AMENITIES BUILDING,23/05/2014,10/06/2015,67.17054188,254.2754274
1537,PUBLIC TOILET,PUBLIC AMENITIES BUILDING,1,0,0,ELECTRICITY (GRID),Y,183,GPS,K-OWENPA,BUILDING PUBLIC AMENITIES BUILDING,23/05/2014,10/06/2015,68.83337112,234.2769138
1541,PUBLIC TOILET,PUBLIC AMENITIES BUILDING,1,0,0,ELECTRICITY (GRID),Y,37,GPS,K-APPELP,BUILDING PUBLIC AMENITIES BUILDING,23/05/2014,10/06/2015,35.25541637,54.42964647
1550,PUBLIC TOILET,PUBLIC AMENITIES BUILDING,1,0,0,ELECTRICITY (GRID),N,83,GPS,F-TPJACO,AMENITIES BLOCK,23/05/2014,5/02/2015,38.96628472,94.909178
1552,PUBLIC TOILET,PUBLIC AMENITIES BUILDING,1,0,0,ELECTRICITY (GRID),N,30,GPS,K-GILS01,BUILDING PUBLIC AMENITIES BUILDING,23/05/2014,25/05/2014,23.98178367,30.78543027
1557,PUBLIC TOILET,PUBLIC AMENITIES BUILDING,1,0,0,ELECTRICITY (GRID),N,30,,K-LION07,BUILDING PUBLIC AMENITIES BUILDING,23/05/2014,25/05/2014,32.22660889,60.92618268
1559,PUBLIC TOILET,PUBLIC AMENITIES BUILDING,1,0,0,ELECTRICITY (GRID),Y,25.5,GPS,F-SFCARR,BUILDING PUBLIC AMENITIES BUILDING,23/05/2014,25/05/2014,23.95692086,26.99810341
1560,PUBLIC TOILET,PUBLIC AMENITIES BUILDING,1,0,0,ELECTRICITY (GRID),N,27,,K-GLENNO,BUILDING PUBLIC AMENITIES BUILDING,23/05/2014,10/06/2015,23.01770836,31.51677627
1563,PUBLIC TOILET,PUBLIC AMENITIES BUILDING,1,0,0,ELECTRICITY (GRID),Y,28,GPS,K-BOCHOW,BUILDING PUBLIC AMENITIES BUILDING,23/05/2014,10/06/2015,25.27894163,36.79200942
1564,PUBLIC TOILET,PUBLIC AMENITIES BUILDING,1,0,0,ELECTRICITY (GRID),Y,20,GPS,K-BOATHA,BUILDING PUBLIC AMENITIES BUILDING,23/05/2014,10/06/2015,33.10455511,52.89183219
1569,PUBLIC TOILET,PUBLIC AMENITIES BUILDING,1,0,0,ELECTRICITY (GRID),N,33,GPS,K-OXEN02,BUILDING PUBLIC AMENITIES BUILDING,23/05/2014,10/06/2015,30.71098686,48.78316883
1574,PUBLIC TOILET,PUBLIC AMENITIES BUILDING,1,0,0,ELECTRICITY (GRID),Y,113.41,GPS,K-BROA03,BUILDING PUBLIC AMENITIES BUILDING,23/05/2014,22/09/2014,42.7175019,113.1513215
1576,PUBLIC TOILET,PUBLIC AMENITIES BUILDING,1,0,0,ELECTRICITY (GRID),N,30,,K-BRADYP,BUILDING PUBLIC AMENITIES BUILDING,23/05/2014,10/06/2015,29.25830867,51.8269487
